ид_события,ид_канала_данных,дата,время,тревожное,значение_датчика
5000000000,120582,2026-01-28,08:00:11,f,36.4
5000000001,277984,2026-01-28,08:00:16,f,1.4
5000000002,120297,2026-01-28,08:00:28,f,0
5000000003,120674,2026-01-28,08:00:37,f,0
5000000004,104038,2026-01-28,08:00:45,f,0.12
5000000005,8812,2026-01-28,08:00:52,f,0.3
5000000006,104044,2026-01-28,08:00:59,f,0.36
5000000007,120582,2026-01-28,08:01:08,f,44.1
5000000008,104057,2026-01-28,08:01:19,f,9.9
5000000009,103938,2026-01-28,08:01:25,f,2.1
5000000010,104041,2026-01-28,08:01:35,f,0.05
5000000011,120674,2026-01-28,08:01:40,f,0
5000000012,103938,2026-01-28,08:01:49,f,3.7
5000000013,120495,2026-01-28,08:02:01,f,52.1
5000000014,120616,2026-01-28,08:02:08,f,48.5
5000000015,103937,2026-01-28,08:02:14,f,1.6
5000000016,120571,2026-01-28,08:02:20,f,34.4
5000000017,104036,2026-01-28,08:02:32,f,0.20
5000000018,120582,2026-01-28,08:02:37,f,28.8
5000000019,104059,2026-01-28,08:02:43,f,16.2
5000000020,103910,2026-01-28,08:02:48,f,0.3
5000000021,120616,2026-01-28,08:02:58,f,41.9
5000000022,104056,2026-01-28,08:03:03,f,3.0
5000000023,103937,2026-01-28,08:03:12,t,19.7
5000000024,120615,2026-01-28,08:03:17,f,28.4
5000000025,8812,2026-01-28,08:03:24,f,2.7
5000000026,120494,2026-01-28,08:03:30,t,89.1
5000000027,120298,2026-01-28,08:03:42,f,25.4
5000000028,104061,2026-01-28,08:03:51,f,8.4
5000000029,120582,2026-01-28,08:04:03,f,39.3
5000000030,120494,2026-01-28,08:04:14,t,65.1
5000000031,120676,2026-01-28,08:04:21,f,0
5000000032,120492,2026-01-28,08:04:32,t,65.1
5000000033,8812,2026-01-28,08:04:37,f,4.1
5000000034,120676,2026-01-28,08:04:49,f,0
5000000035,104058,2026-01-28,08:05:01,f,15.0
5000000036,120582,2026-01-28,08:05:12,t,68.7
5000000037,120616,2026-01-28,08:05:20,f,50.0
5000000038,8808,2026-01-28,08:05:31,f,0.23
5000000039,103940,2026-01-28,08:05:42,t,105.5
5000000040,104039,2026-01-28,08:05:49,t,1.20
5000000041,47838,2026-01-28,08:05:59,f,8.9
5000000042,120504,2026-01-28,08:06:11,f,34.3
5000000043,8810,2026-01-28,08:06:18,f,0.47
5000000044,103938,2026-01-28,08:06:28,f,3.2
5000000045,120571,2026-01-28,08:06:38,f,38.7
5000000046,104042,2026-01-28,08:06:48,f,0.37
5000000047,104041,2026-01-28,08:06:53,f,0.31
5000000048,120494,2026-01-28,08:07:02,f,35.2
5000000049,104044,2026-01-28,08:07:08,f,0.42
5000000050,120578,2026-01-28,08:07:20,t,1
5000000051,120309,2026-01-28,08:07:25,f,0
5000000052,120578,2026-01-28,08:07:32,t,1
5000000053,104037,2026-01-28,08:07:34,f,0.08
5000000054,120578,2026-01-28,08:07:42,t,1
5000000055,104041,2026-01-28,08:07:45,f,0.09
5000000056,120578,2026-01-28,08:07:48,t,1
5000000057,120582,2026-01-28,08:08:00,t,61.4
5000000058,120615,2026-01-28,08:08:12,f,28.9
5000000059,120501,2026-01-28,08:08:17,f,51.5
5000000060,120615,2026-01-28,08:08:33,t,86.9
5000000061,120571,2026-01-28,08:08:45,f,55.0
5000000062,47838,2026-01-28,08:08:57,f,11.4
5000000063,104057,2026-01-28,08:09:17,f,16.9
5000000064,104062,2026-01-28,08:09:22,f,16.3
5000000065,120674,2026-01-28,08:09:31,f,0
5000000066,120297,2026-01-28,08:09:41,t,1
5000000067,104042,2026-01-28,08:09:48,f,0.30
5000000068,104036,2026-01-28,08:09:53,f,0.03
5000000069,120297,2026-01-28,08:09:56,t,1
5000000070,104043,2026-01-28,08:10:03,f,0.44
5000000071,120297,2026-01-28,08:10:06,t,1
5000000072,104061,2026-01-28,08:10:23,f,5.7
5000000073,8812,2026-01-28,08:10:30,t,28.9
5000000074,104043,2026-01-28,08:10:39,f,0.39
5000000075,120676,2026-01-28,08:11:02,f,0
5000000076,120298,2026-01-28,08:11:12,f,20.5
5000000077,120305,2026-01-28,08:11:18,f,0
5000000078,266705,2026-01-28,08:11:27,t,65.0
5000000079,120297,2026-01-28,08:11:37,f,0
5000000080,120504,2026-01-28,08:11:49,f,53.0
5000000081,103938,2026-01-28,08:11:59,f,0.3
5000000082,266705,2026-01-28,08:12:07,t,65.0
5000000083,120493,2026-01-28,08:12:17,f,0
5000000084,104036,2026-01-28,08:12:22,t,1.18
5000000085,266705,2026-01-28,08:12:22,t,65.0
5000000086,120501,2026-01-28,08:12:30,f,33.6
5000000087,104062,2026-01-28,08:12:51,f,3.4
5000000088,266839,2026-01-28,08:13:02,f,3.0
5000000089,8808,2026-01-28,08:13:11,f,0.11
5000000090,266839,2026-01-28,08:13:23,t,72.0
5000000091,104040,2026-01-28,08:13:33,t,0.82
5000000092,103940,2026-01-28,08:13:38,f,4.7
5000000093,266839,2026-01-28,08:13:50,f,3.1
5000000094,120674,2026-01-28,08:14:02,f,0
5000000095,266839,2026-01-28,08:14:08,t,72.0
5000000096,104061,2026-01-28,08:14:08,f,4.6
5000000097,120492,2026-01-28,08:14:16,f,47.6
5000000098,120499,2026-01-28,08:14:28,f,0
5000000099,120298,2026-01-28,08:14:35,f,20.9
5000000100,104058,2026-01-28,08:14:40,f,5.0
5000000101,8808,2026-01-28,08:14:50,t,1.85
5000000102,120493,2026-01-28,08:14:55,f,0
5000000103,266839,2026-01-28,08:14:58,t,72.0
5000000104,120572,2026-01-28,08:15:01,f,35.7
5000000105,120499,2026-01-28,08:15:11,f,0
5000000106,120572,2026-01-28,08:15:28,f,50.3
5000000107,104060,2026-01-28,08:15:37,f,1.1
5000000108,103940,2026-01-28,08:15:49,f,0.5
5000000109,104041,2026-01-28,08:16:11,f,0.07
5000000110,103940,2026-01-28,08:16:21,t,87.1
5000000111,104040,2026-01-28,08:16:33,f,0.06
5000000112,8810,2026-01-28,08:16:39,t,1.60
5000000113,8808,2026-01-28,08:16:50,t,1.85
5000000114,120675,2026-01-28,08:16:51,f,0
5000000115,104060,2026-01-28,08:17:01,f,14.4
5000000116,120584,2026-01-28,08:17:11,f,28.9
5000000117,8810,2026-01-28,08:17:24,f,0.36
5000000118,277862,2026-01-28,08:17:34,f,2.9
5000000119,266839,2026-01-28,08:17:44,f,4.3
5000000120,104041,2026-01-28,08:18:04,f,0.06
5000000121,120577,2026-01-28,08:18:12,f,27.8
5000000122,104058,2026-01-28,08:18:18,f,7.5
5000000123,120504,2026-01-28,08:18:27,t,85.5
5000000124,120571,2026-01-28,08:18:38,f,46.9
5000000125,120365,2026-01-28,08:18:43,f,0
5000000126,8808,2026-01-28,08:18:50,t,1.85
5000000127,266705,2026-01-28,08:18:52,f,3.4
5000000128,120493,2026-01-28,08:19:06,f,0
5000000129,120297,2026-01-28,08:19:17,f,0
5000000130,47838,2026-01-28,08:19:22,f,4.6
5000000131,8810,2026-01-28,08:19:39,t,1.60
5000000132,120368,2026-01-28,08:19:43,t,66.0
5000000133,104034,2026-01-28,08:19:48,f,0.30
5000000134,104036,2026-01-28,08:19:54,f,0.21
5000000135,120298,2026-01-28,08:20:06,t,88.0
5000000136,120492,2026-01-28,08:20:12,f,29.9
5000000137,120499,2026-01-28,08:20:24,f,0
5000000138,120583,2026-01-28,08:20:29,f,0
5000000139,104055,2026-01-28,08:20:42,f,6.0
5000000140,120504,2026-01-28,08:20:48,f,35.1
5000000141,104059,2026-01-28,08:20:55,f,4.9
5000000142,8809,2026-01-28,08:21:16,f,2.0
5000000143,8810,2026-01-28,08:21:19,t,1.60
5000000144,104062,2026-01-28,08:21:26,f,8.2
5000000145,120580,2026-01-28,08:21:37,f,20.7
5000000146,8809,2026-01-28,08:21:47,t,80.0
5000000147,120297,2026-01-28,08:21:57,f,0
5000000148,277984,2026-01-28,08:22:03,f,2.0
5000000149,8809,2026-01-28,08:22:07,t,80.0
5000000150,103940,2026-01-28,08:22:09,f,3.7
5000000151,103910,2026-01-28,08:22:23,f,4.4
5000000152,104037,2026-01-28,08:22:33,f,0.39
5000000153,8809,2026-01-28,08:22:37,t,80.0
5000000154,104056,2026-01-28,08:22:40,f,5.4
5000000155,120577,2026-01-28,08:22:53,t,66.3
5000000156,120368,2026-01-28,08:23:05,f,40.3
5000000157,104045,2026-01-28,08:23:15,t,1.48
5000000158,104062,2026-01-28,08:23:36,f,10.1
5000000159,120305,2026-01-28,08:23:45,f,0
5000000160,120492,2026-01-28,08:23:50,f,22.7
5000000161,120305,2026-01-28,08:24:01,f,0
5000000162,211784,2026-01-28,08:24:09,f,2.5
5000000163,104039,2026-01-28,08:24:14,f,0.43
5000000164,120504,2026-01-28,08:24:17,t,85.5
5000000165,120493,2026-01-28,08:24:24,t,1
5000000166,266705,2026-01-28,08:24:31,f,2.1
5000000167,120493,2026-01-28,08:24:34,t,1
5000000168,103910,2026-01-28,08:24:43,f,0.8
5000000169,120493,2026-01-28,08:24:44,t,1
5000000170,8809,2026-01-28,08:24:47,t,80.0
5000000171,104057,2026-01-28,08:24:53,f,15.2
5000000172,120298,2026-01-28,08:25:08,f,33.5
5000000173,120572,2026-01-28,08:25:17,f,53.8
5000000174,104037,2026-01-28,08:25:24,f,0.32
5000000175,120493,2026-01-28,08:25:45,f,0
5000000176,104057,2026-01-28,08:25:51,f,12.7
5000000177,104055,2026-01-28,08:26:01,f,16.3
5000000178,277862,2026-01-28,08:26:07,t,58.0
5000000179,104037,2026-01-28,08:26:12,f,0.46
5000000180,104060,2026-01-28,08:26:22,f,19.5
5000000181,266839,2026-01-28,08:26:29,f,3.9
5000000182,120365,2026-01-28,08:26:41,f,0
5000000183,277862,2026-01-28,08:26:42,t,58.0
5000000184,120493,2026-01-28,08:26:48,f,0
5000000185,104060,2026-01-28,08:26:55,f,7.4
5000000186,277862,2026-01-28,08:27:02,t,58.0
5000000187,120298,2026-01-28,08:27:06,t,88.0
5000000188,104035,2026-01-28,08:27:15,f,0.16
5000000189,104056,2026-01-28,08:27:27,f,18.5
5000000190,120504,2026-01-28,08:27:37,t,85.5
5000000191,103937,2026-01-28,08:27:39,f,3.8
5000000192,104034,2026-01-28,08:27:50,t,1.45
5000000193,120571,2026-01-28,08:27:57,f,42.4
5000000194,120495,2026-01-28,08:28:07,t,67.1
5000000195,104036,2026-01-28,08:28:13,f,0.09
5000000196,104056,2026-01-28,08:28:31,f,17.3
5000000197,120367,2026-01-28,08:28:36,f,0
5000000198,104035,2026-01-28,08:28:46,f,0.05
5000000199,277862,2026-01-28,08:29:04,f,1.4
5000000200,120361,2026-01-28,08:29:16,f,0
5000000201,8809,2026-01-28,08:29:17,t,80.0
5000000202,104039,2026-01-28,08:29:28,f,0.44
5000000203,120577,2026-01-28,08:29:33,t,82.0
5000000204,104040,2026-01-28,08:29:40,t,0.80
5000000205,120298,2026-01-28,08:29:46,t,88.0
5000000206,120298,2026-01-28,08:29:51,f,28.3
5000000207,8809,2026-01-28,08:29:57,f,12.6
5000000208,104034,2026-01-28,08:30:20,t,1.45
5000000209,103938,2026-01-28,08:30:21,f,3.1
5000000210,120572,2026-01-28,08:30:29,f,35.0
5000000211,104035,2026-01-28,08:30:39,f,0.10
5000000212,120367,2026-01-28,08:30:50,f,0
5000000213,120615,2026-01-28,08:30:55,f,33.1
5000000214,211784,2026-01-28,08:31:00,f,1.7
5000000215,120674,2026-01-28,08:31:06,f,0
5000000216,277862,2026-01-28,08:31:16,f,2.7
5000000217,104045,2026-01-28,08:31:23,f,0.23
5000000218,277862,2026-01-28,08:31:35,f,0.3
5000000219,8808,2026-01-28,08:31:47,f,0.03
5000000220,104046,2026-01-28,08:31:55,f,0.45
5000000221,120676,2026-01-28,08:32:06,f,0
5000000222,8808,2026-01-28,08:32:15,f,0.10
5000000223,104034,2026-01-28,08:32:20,t,1.45
5000000224,120571,2026-01-28,08:32:25,f,50.3
5000000225,104036,2026-01-28,08:32:35,f,0.18
5000000226,120361,2026-01-28,08:32:46,f,0
5000000227,120492,2026-01-28,08:32:57,t,85.0
5000000228,104037,2026-01-28,08:33:09,t,0.75
5000000229,120361,2026-01-28,08:33:15,f,0
5000000230,120616,2026-01-28,08:33:26,t,81.8
5000000231,211784,2026-01-28,08:33:35,f,1.6
5000000232,120580,2026-01-28,08:33:44,f,45.1
5000000233,104043,2026-01-28,08:33:51,f,0.22
5000000234,120616,2026-01-28,08:34:01,t,82.7
5000000235,120298,2026-01-28,08:34:06,f,34.2
5000000236,120504,2026-01-28,08:34:13,f,41.3
5000000237,8808,2026-01-28,08:34:25,f,0.12
5000000238,120492,2026-01-28,08:34:35,f,39.9
5000000239,120311,2026-01-28,08:34:42,f,0
5000000240,211784,2026-01-28,08:34:52,f,0.4
5000000241,120495,2026-01-28,08:34:59,f,31.0
5000000242,104035,2026-01-28,08:35:08,t,1.05
5000000243,104039,2026-01-28,08:35:15,f,0.44
5000000244,104036,2026-01-28,08:35:21,f,0.34
5000000245,103938,2026-01-28,08:35:29,f,4.5
5000000246,104035,2026-01-28,08:35:41,f,0.41
5000000247,120577,2026-01-28,08:35:53,t,82.0
5000000248,104034,2026-01-28,08:35:53,t,0.72
5000000249,104044,2026-01-28,08:35:59,f,0.41
5000000250,211784,2026-01-28,08:36:09,f,2.7
5000000251,104057,2026-01-28,08:36:18,f,14.0
5000000252,104058,2026-01-28,08:36:25,f,2.8
5000000253,104044,2026-01-28,08:36:33,f,0.38
5000000254,120492,2026-01-28,08:36:38,f,32.9
5000000255,104062,2026-01-28,08:36:45,t,21.9
5000000256,120572,2026-01-28,08:36:56,f,38.4
5000000257,120676,2026-01-28,08:37:07,f,0
5000000258,104037,2026-01-28,08:37:14,f,0.22
5000000259,120577,2026-01-28,08:37:24,f,47.3
5000000260,120368,2026-01-28,08:37:31,t,84.3
5000000261,120676,2026-01-28,08:37:36,f,0
5000000262,8812,2026-01-28,08:37:43,f,1.6
5000000263,104058,2026-01-28,08:37:51,t,35.3
5000000264,120676,2026-01-28,08:38:00,f,0
5000000265,104042,2026-01-28,08:38:08,t,0.63
5000000266,120616,2026-01-28,08:38:17,f,37.6
5000000267,120365,2026-01-28,08:38:24,t,1
5000000268,120577,2026-01-28,08:38:31,f,45.2
5000000269,104062,2026-01-28,08:38:41,f,16.9
5000000270,8808,2026-01-28,08:38:47,t,0.88
5000000271,120577,2026-01-28,08:38:53,t,82.0
5000000272,104042,2026-01-28,08:38:56,f,0.28
5000000273,103937,2026-01-28,08:39:01,t,20.9
5000000274,104039,2026-01-28,08:39:10,f,0.39
5000000275,104036,2026-01-28,08:39:21,f,0.33
5000000276,103937,2026-01-28,08:39:28,f,2.3
5000000277,104041,2026-01-28,08:39:38,f,0.41
5000000278,104058,2026-01-28,08:39:48,t,63.1
5000000279,103910,2026-01-28,08:39:58,f,1.6
5000000280,47838,2026-01-28,08:40:10,f,5.2
5000000281,120504,2026-01-28,08:40:16,f,33.4
5000000282,104056,2026-01-28,08:40:27,t,140.2
5000000283,103938,2026-01-28,08:40:37,f,0.9
5000000284,104039,2026-01-28,08:40:44,t,1.71
5000000285,120305,2026-01-28,08:40:53,f,0
5000000286,104061,2026-01-28,08:41:04,f,5.1
5000000287,266705,2026-01-28,08:41:14,f,2.4
5000000288,120497,2026-01-28,08:41:26,f,0
5000000289,120584,2026-01-28,08:41:32,f,29.3
5000000290,103940,2026-01-28,08:41:42,f,2.0
5000000291,104037,2026-01-28,08:41:50,f,0.04
5000000292,120368,2026-01-28,08:42:02,f,48.9
5000000293,120577,2026-01-28,08:42:08,t,83.9
5000000294,103910,2026-01-28,08:42:18,t,25.1
5000000295,120365,2026-01-28,08:42:26,f,0
5000000296,8808,2026-01-28,08:42:31,f,0.35
5000000297,104040,2026-01-28,08:42:43,f,0.29
5000000298,211784,2026-01-28,08:42:50,t,16.4
5000000299,103938,2026-01-28,08:43:01,f,1.5
5000000300,104040,2026-01-28,08:43:11,f,0.26
5000000301,120582,2026-01-28,08:43:20,f,32.9
5000000302,103940,2026-01-28,08:43:26,f,3.9
5000000303,104062,2026-01-28,08:43:31,f,18.9
5000000304,266705,2026-01-28,08:43:39,f,0.8
5000000305,120577,2026-01-28,08:43:50,f,28.5
5000000306,104056,2026-01-28,08:43:56,f,6.5
5000000307,120584,2026-01-28,08:44:03,f,34.4
5000000308,266705,2026-01-28,08:44:15,f,2.5
5000000309,104042,2026-01-28,08:44:25,f,0.19
5000000310,103937,2026-01-28,08:44:32,t,16.8
5000000311,120615,2026-01-28,08:44:42,f,45.2
5000000312,103938,2026-01-28,08:44:51,f,4.7
5000000313,120495,2026-01-28,08:45:00,f,53.0
5000000314,104044,2026-01-28,08:45:09,f,0.11
5000000315,120309,2026-01-28,08:45:21,f,0
5000000316,120580,2026-01-28,08:45:30,f,43.7
5000000317,120675,2026-01-28,08:45:41,t,1
5000000318,104044,2026-01-28,08:45:51,f,0.15
5000000319,47838,2026-01-28,08:46:00,f,8.9
5000000320,103937,2026-01-28,08:46:09,f,4.1
5000000321,120675,2026-01-28,08:46:18,f,0
5000000322,120493,2026-01-28,08:46:27,f,0
5000000323,104035,2026-01-28,08:46:35,f,0.44
5000000324,120615,2026-01-28,08:46:43,f,23.5
5000000325,104060,2026-01-28,08:46:53,f,15.1
5000000326,120495,2026-01-28,08:46:58,t,81.6
5000000327,103937,2026-01-28,08:47:10,f,3.7
5000000328,120309,2026-01-28,08:47:19,f,0
5000000329,47838,2026-01-28,08:47:24,f,4.9
5000000330,104046,2026-01-28,08:47:29,t,0.70
5000000331,104046,2026-01-28,08:47:36,t,0.99
5000000332,120674,2026-01-28,08:47:47,f,0
5000000333,8809,2026-01-28,08:47:56,f,11.3
5000000334,120675,2026-01-28,08:48:02,t,1
5000000335,120305,2026-01-28,08:48:11,t,1
5000000336,277862,2026-01-28,08:48:23,f,2.3
5000000337,120368,2026-01-28,08:48:31,f,25.7
5000000338,104057,2026-01-28,08:48:43,f,0.8
5000000339,104057,2026-01-28,08:48:53,f,14.9
5000000340,103938,2026-01-28,08:49:00,f,4.4
5000000341,104040,2026-01-28,08:49:11,f,0.20
5000000342,104055,2026-01-28,08:49:17,t,97.7
5000000343,8809,2026-01-28,08:49:25,f,5.0
5000000344,120492,2026-01-28,08:49:34,f,45.3
5000000345,120580,2026-01-28,08:49:39,f,44.2
5000000346,47838,2026-01-28,08:49:44,f,3.5
5000000347,104043,2026-01-28,08:49:53,f,0.44
5000000348,120492,2026-01-28,08:50:02,f,27.7
5000000349,120305,2026-01-28,08:50:09,f,0
5000000350,120367,2026-01-28,08:50:19,f,0
5000000351,120368,2026-01-28,08:50:31,f,43.2
5000000352,120368,2026-01-28,08:50:39,f,46.4
5000000353,104040,2026-01-28,08:50:45,f,0.34
5000000354,104062,2026-01-28,08:50:51,f,16.2
5000000355,104041,2026-01-28,08:50:59,f,0.09
5000000356,120297,2026-01-28,08:51:11,f,0
5000000357,120297,2026-01-28,08:51:23,f,0
5000000358,104044,2026-01-28,08:51:35,f,0.07
5000000359,120582,2026-01-28,08:51:46,f,39.6
5000000360,120361,2026-01-28,08:51:55,f,0
5000000361,266705,2026-01-28,08:52:04,f,2.8
5000000362,104059,2026-01-28,08:52:09,f,1.7
5000000363,104046,2026-01-28,08:52:14,t,0.98
5000000364,266705,2026-01-28,08:52:26,f,0.9
5000000365,120674,2026-01-28,08:52:33,f,0
5000000366,120309,2026-01-28,08:52:44,t,1
5000000367,103937,2026-01-28,08:52:55,f,4.4
5000000368,120297,2026-01-28,08:53:06,f,0
5000000369,120615,2026-01-28,08:53:13,f,24.2
5000000370,104061,2026-01-28,08:53:24,f,19.1
5000000371,120674,2026-01-28,08:53:29,f,0
5000000372,104039,2026-01-28,08:53:38,f,0.27
5000000373,120676,2026-01-28,08:53:49,f,0
5000000374,104037,2026-01-28,08:54:01,f,0.10
5000000375,120578,2026-01-28,08:54:07,f,0
5000000376,120365,2026-01-28,08:54:18,f,0
5000000377,104035,2026-01-28,08:54:23,f,0.06
5000000378,104039,2026-01-28,08:54:28,f,0.34
5000000379,120583,2026-01-28,08:54:33,f,0
5000000380,120305,2026-01-28,08:54:44,f,0
5000000381,104044,2026-01-28,08:54:52,f,0.04
5000000382,104035,2026-01-28,08:55:01,f,0.35
5000000383,103938,2026-01-28,08:55:11,f,3.3
5000000384,120583,2026-01-28,08:55:21,f,0
5000000385,104042,2026-01-28,08:55:28,f,0.20
5000000386,8809,2026-01-28,08:55:37,f,11.7
5000000387,104042,2026-01-28,08:55:44,f,0.27
5000000388,104037,2026-01-28,08:55:49,t,0.83
5000000389,104059,2026-01-28,08:55:59,f,6.2
5000000390,104061,2026-01-28,08:56:06,f,16.6
5000000391,120676,2026-01-28,08:56:15,f,0
5000000392,8809,2026-01-28,08:56:27,f,18.9
5000000393,104038,2026-01-28,08:56:34,f,0.11
5000000394,104046,2026-01-28,08:56:40,f,0.18
5000000395,266705,2026-01-28,08:56:48,f,3.3
5000000396,104045,2026-01-28,08:56:53,f,0.39
5000000397,104060,2026-01-28,08:57:01,f,17.7
5000000398,266705,2026-01-28,08:57:10,f,0.9
5000000399,120361,2026-01-28,08:57:16,t,1
5000000400,120675,2026-01-28,08:57:28,f,0
5000000401,104059,2026-01-28,08:57:36,t,36.3
5000000402,103940,2026-01-28,08:57:45,f,3.2
5000000403,104036,2026-01-28,08:57:54,f,0.42
5000000404,120297,2026-01-28,08:58:06,f,0
5000000405,104044,2026-01-28,08:58:18,f,0.44
5000000406,104058,2026-01-28,08:58:28,f,11.2
5000000407,120572,2026-01-28,08:58:36,f,29.1
5000000408,120497,2026-01-28,08:58:47,f,0
5000000409,277984,2026-01-28,08:58:57,f,4.1
5000000410,103910,2026-01-28,08:59:09,f,3.4
5000000411,104044,2026-01-28,08:59:18,f,0.46
5000000412,120305,2026-01-28,08:59:30,f,0
5000000413,104034,2026-01-28,08:59:40,f,0.27
5000000414,103910,2026-01-28,08:59:47,t,117.0
5000000415,47838,2026-01-28,08:59:52,t,39.7
5000000416,104038,2026-01-28,08:59:57,f,0.31
5000000417,104043,2026-01-28,09:00:03,f,0.11
5000000418,120492,2026-01-28,09:00:15,f,42.3
5000000419,120615,2026-01-28,09:00:27,f,20.2
5000000420,120578,2026-01-28,09:00:38,f,0
5000000421,104061,2026-01-28,09:00:47,t,51.7
5000000422,120674,2026-01-28,09:00:58,f,0
5000000423,120298,2026-01-28,09:01:05,t,65.2
5000000424,120583,2026-01-28,09:01:13,f,0
5000000425,211784,2026-01-28,09:01:22,f,1.9
5000000426,103940,2026-01-28,09:01:32,f,1.2
5000000427,120580,2026-01-28,09:01:40,f,49.7
5000000428,120298,2026-01-28,09:01:45,f,33.2
5000000429,266705,2026-01-28,09:01:57,f,3.4
5000000430,104060,2026-01-28,09:02:03,f,12.8
5000000431,104041,2026-01-28,09:02:13,t,2.46
5000000432,120583,2026-01-28,09:02:18,f,0
5000000433,120580,2026-01-28,09:02:30,f,22.6
5000000434,120501,2026-01-28,09:02:39,f,43.0
5000000435,211784,2026-01-28,09:02:46,f,1.0
5000000436,104059,2026-01-28,09:02:53,t,28.8
5000000437,104041,2026-01-28,09:03:01,f,0.19
5000000438,120367,2026-01-28,09:03:11,f,0
5000000439,104044,2026-01-28,09:03:18,t,2.09
5000000440,266705,2026-01-28,09:03:28,f,1.1
5000000441,104058,2026-01-28,09:03:34,f,12.2
5000000442,211784,2026-01-28,09:03:45,f,1.3
5000000443,120582,2026-01-28,09:03:57,f,39.4
5000000444,103940,2026-01-28,09:04:08,f,2.9
5000000445,266839,2026-01-28,09:04:19,f,1.4
5000000446,120361,2026-01-28,09:04:27,f,0
5000000447,120493,2026-01-28,09:04:36,f,0
5000000448,104043,2026-01-28,09:04:43,f,0.18
5000000449,120504,2026-01-28,09:04:49,t,64.4
5000000450,47838,2026-01-28,09:04:58,f,4.1
5000000451,104061,2026-01-28,09:05:10,f,8.3
5000000452,120297,2026-01-28,09:05:15,f,0
5000000453,104062,2026-01-28,09:05:21,f,6.7
5000000454,120504,2026-01-28,09:05:32,f,33.6
5000000455,104061,2026-01-28,09:05:38,t,48.9
5000000456,120615,2026-01-28,09:05:45,f,24.9
5000000457,104057,2026-01-28,09:05:54,f,1.7
5000000458,120580,2026-01-28,09:06:05,f,36.9
5000000459,120309,2026-01-28,09:06:11,f,0
5000000460,103937,2026-01-28,09:06:19,f,1.0
5000000461,104034,2026-01-28,09:06:25,f,0.46
5000000462,103938,2026-01-28,09:06:35,f,4.2
5000000463,104037,2026-01-28,09:06:47,f,0.40
5000000464,104057,2026-01-28,09:06:54,f,18.5
5000000465,103937,2026-01-28,09:07:02,f,4.7
5000000466,104036,2026-01-28,09:07:12,f,0.31
5000000467,120492,2026-01-28,09:07:20,f,48.6
5000000468,104058,2026-01-28,09:07:31,f,11.2
5000000469,104061,2026-01-28,09:07:38,f,14.3
5000000470,120305,2026-01-28,09:07:46,f,0
5000000471,104045,2026-01-28,09:07:52,f,0.38
5000000472,277862,2026-01-28,09:08:04,f,1.2
5000000473,103940,2026-01-28,09:08:11,f,0.4
5000000474,104041,2026-01-28,09:08:23,f,0.25
5000000475,120495,2026-01-28,09:08:34,f,53.9
5000000476,120298,2026-01-28,09:08:40,f,43.0
5000000477,120493,2026-01-28,09:08:50,f,0
5000000478,120616,2026-01-28,09:08:55,t,86.8
5000000479,120368,2026-01-28,09:09:06,f,47.9
5000000480,8809,2026-01-28,09:09:12,f,4.7
5000000481,104039,2026-01-28,09:09:20,f,0.23
5000000482,120309,2026-01-28,09:09:27,t,1
5000000483,266839,2026-01-28,09:09:39,f,4.5
5000000484,120298,2026-01-28,09:09:45,f,45.6
5000000485,104036,2026-01-28,09:09:55,f,0.38
5000000486,211784,2026-01-28,09:10:07,f,2.1
5000000487,120309,2026-01-28,09:10:19,f,0
5000000488,120674,2026-01-28,09:10:24,f,0
5000000489,211784,2026-01-28,09:10:29,f,3.3
5000000490,120501,2026-01-28,09:10:36,t,82.4
5000000491,103910,2026-01-28,09:10:43,f,2.7
5000000492,104056,2026-01-28,09:10:55,f,12.5
5000000493,104059,2026-01-28,09:11:02,f,14.5
5000000494,104039,2026-01-28,09:11:10,f,0.19
5000000495,120494,2026-01-28,09:11:18,f,44.6
5000000496,104062,2026-01-28,09:11:24,f,17.1
5000000497,211784,2026-01-28,09:11:31,f,2.2
5000000498,104042,2026-01-28,09:11:40,f,0.26
5000000499,103938,2026-01-28,09:11:50,f,1.9
5000000500,120309,2026-01-28,09:11:56,f,0
5000000501,120616,2026-01-28,09:12:08,f,43.6
5000000502,120501,2026-01-28,09:12:17,f,23.0
5000000503,104037,2026-01-28,09:12:24,f,0.15
5000000504,104058,2026-01-28,09:12:31,f,10.2
5000000505,104041,2026-01-28,09:12:42,f,0.19
5000000506,120582,2026-01-28,09:12:49,f,44.3
5000000507,104040,2026-01-28,09:12:56,f,0.15
5000000508,211784,2026-01-28,09:13:03,f,3.0
5000000509,266705,2026-01-28,09:13:13,f,1.0
5000000510,120499,2026-01-28,09:13:24,f,0
5000000511,104059,2026-01-28,09:13:36,f,8.4
5000000512,104060,2026-01-28,09:13:48,f,11.2
5000000513,8812,2026-01-28,09:13:56,f,1.1
5000000514,104034,2026-01-28,09:14:05,f,0.28
5000000515,104040,2026-01-28,09:14:17,f,0.28
5000000516,103910,2026-01-28,09:14:26,f,1.8
5000000517,104044,2026-01-28,09:14:31,f,0.27
5000000518,47838,2026-01-28,09:14:42,f,12.9
5000000519,104036,2026-01-28,09:14:50,f,0.03
5000000520,120309,2026-01-28,09:14:59,f,0
5000000521,120305,2026-01-28,09:15:05,f,0
5000000522,120674,2026-01-28,09:15:11,f,0
5000000523,103938,2026-01-28,09:15:19,f,4.2
5000000524,104055,2026-01-28,09:15:30,f,15.4
5000000525,104044,2026-01-28,09:15:38,f,0.17
5000000526,120365,2026-01-28,09:15:47,f,0
5000000527,8812,2026-01-28,09:15:57,f,1.3
5000000528,104034,2026-01-28,09:16:03,t,2.18
5000000529,120497,2026-01-28,09:16:08,f,0
5000000530,120361,2026-01-28,09:16:15,f,0
5000000531,120577,2026-01-28,09:16:23,f,49.0
5000000532,120582,2026-01-28,09:16:34,f,42.1
5000000533,120584,2026-01-28,09:16:45,f,42.2
5000000534,104038,2026-01-28,09:16:51,f,0.14
5000000535,120305,2026-01-28,09:17:01,t,1
5000000536,120616,2026-01-28,09:17:11,f,47.1
5000000537,104060,2026-01-28,09:17:17,f,13.7
5000000538,120368,2026-01-28,09:17:23,f,27.6
5000000539,120676,2026-01-28,09:17:34,f,0
5000000540,104058,2026-01-28,09:17:43,f,6.9
5000000541,104041,2026-01-28,09:17:50,f,0.38
5000000542,8808,2026-01-28,09:17:55,f,0.38
5000000543,266705,2026-01-28,09:18:07,f,4.2
5000000544,104039,2026-01-28,09:18:19,f,0.46
5000000545,120572,2026-01-28,09:18:27,t,68.8
5000000546,104034,2026-01-28,09:18:36,f,0.42
5000000547,104042,2026-01-28,09:18:42,f,0.05
5000000548,120504,2026-01-28,09:18:49,f,30.7
5000000549,120367,2026-01-28,09:18:57,f,0
5000000550,120504,2026-01-28,09:19:03,f,22.7
5000000551,103910,2026-01-28,09:19:11,f,0.0
5000000552,266839,2026-01-28,09:19:21,t,79.6
5000000553,120582,2026-01-28,09:19:28,f,33.4
5000000554,47838,2026-01-28,09:19:34,f,17.2
5000000555,104038,2026-01-28,09:19:41,f,0.36
5000000556,104055,2026-01-28,09:19:48,f,11.2
5000000557,120305,2026-01-28,09:19:55,f,0
5000000558,104042,2026-01-28,09:20:03,f,0.44
5000000559,104056,2026-01-28,09:20:15,f,2.4
5000000560,120616,2026-01-28,09:20:21,f,32.3
5000000561,120309,2026-01-28,09:20:32,f,0
5000000562,104036,2026-01-28,09:20:40,f,0.13
5000000563,120674,2026-01-28,09:20:49,t,1
5000000564,120571,2026-01-28,09:20:54,f,50.7
5000000565,120499,2026-01-28,09:21:02,f,0
5000000566,120572,2026-01-28,09:21:10,f,42.6
5000000567,104039,2026-01-28,09:21:18,f,0.12
5000000568,104061,2026-01-28,09:21:24,t,20.4
5000000569,104046,2026-01-28,09:21:34,f,0.19
5000000570,104058,2026-01-28,09:21:45,f,3.8
5000000571,47838,2026-01-28,09:21:57,f,1.8
5000000572,120583,2026-01-28,09:22:06,f,0
5000000573,120674,2026-01-28,09:22:11,f,0
5000000574,104042,2026-01-28,09:22:20,f,0.37
5000000575,104043,2026-01-28,09:22:31,f,0.31
5000000576,120497,2026-01-28,09:22:38,f,0
5000000577,104040,2026-01-28,09:22:44,t,0.98
5000000578,104040,2026-01-28,09:22:51,f,0.29
5000000579,104057,2026-01-28,09:22:57,f,14.4
5000000580,120578,2026-01-28,09:23:05,f,0
5000000581,8810,2026-01-28,09:23:16,f,0.30
5000000582,120311,2026-01-28,09:23:25,f,0
5000000583,47838,2026-01-28,09:23:32,f,3.1
5000000584,120577,2026-01-28,09:23:37,f,32.1
5000000585,120577,2026-01-28,09:23:46,f,46.2
5000000586,120572,2026-01-28,09:23:55,t,67.7
5000000587,104058,2026-01-28,09:24:00,f,5.7
5000000588,104057,2026-01-28,09:24:06,f,11.5
5000000589,120305,2026-01-28,09:24:12,f,0
5000000590,120504,2026-01-28,09:24:22,f,39.8
5000000591,104055,2026-01-28,09:24:32,f,2.5
5000000592,120494,2026-01-28,09:24:38,f,20.1
5000000593,120494,2026-01-28,09:24:43,f,32.7
5000000594,277862,2026-01-28,09:24:50,t,27.1
5000000595,120494,2026-01-28,09:25:01,f,34.6
5000000596,120580,2026-01-28,09:25:11,f,40.0
5000000597,104040,2026-01-28,09:25:17,f,0.03
5000000598,104044,2026-01-28,09:25:25,f,0.03
5000000599,120298,2026-01-28,09:25:36,f,50.3
5000000600,120309,2026-01-28,09:25:45,f,0
5000000601,8808,2026-01-28,09:25:57,f,0.15
5000000602,104043,2026-01-28,09:26:06,f,0.23
5000000603,120674,2026-01-28,09:26:18,f,0
5000000604,277862,2026-01-28,09:26:26,f,2.0
5000000605,104061,2026-01-28,09:26:34,f,16.5
5000000606,104037,2026-01-28,09:26:39,f,0.32
5000000607,120297,2026-01-28,09:26:48,f,0
5000000608,120367,2026-01-28,09:26:56,f,0
5000000609,104034,2026-01-28,09:27:01,f,0.05
5000000610,120501,2026-01-28,09:27:09,f,34.5
5000000611,104039,2026-01-28,09:27:19,t,1.14
5000000612,104061,2026-01-28,09:27:25,f,16.1
5000000613,120365,2026-01-28,09:27:31,f,0
5000000614,277862,2026-01-28,09:27:42,f,1.3
5000000615,120501,2026-01-28,09:27:52,f,44.5
5000000616,120309,2026-01-28,09:28:02,f,0
5000000617,120297,2026-01-28,09:28:10,t,1
5000000618,104044,2026-01-28,09:28:17,f,0.06
5000000619,104034,2026-01-28,09:28:23,f,0.16
5000000620,120495,2026-01-28,09:28:29,f,47.0
5000000621,120580,2026-01-28,09:28:41,f,49.8
5000000622,120493,2026-01-28,09:28:47,f,0
5000000623,120571,2026-01-28,09:28:56,f,41.1
5000000624,104045,2026-01-28,09:29:04,f,0.08
5000000625,211784,2026-01-28,09:29:12,f,0.2
5000000626,104036,2026-01-28,09:29:21,f,0.09
5000000627,120571,2026-01-28,09:29:32,f,46.2
5000000628,120298,2026-01-28,09:29:40,f,48.1
5000000629,120298,2026-01-28,09:29:47,f,49.1
5000000630,104034,2026-01-28,09:29:55,f,0.20
5000000631,104041,2026-01-28,09:30:01,f,0.44
5000000632,266705,2026-01-28,09:30:07,t,63.8
5000000633,120674,2026-01-28,09:30:19,f,0
5000000634,120297,2026-01-28,09:30:29,f,0
5000000635,120504,2026-01-28,09:30:41,f,40.1
5000000636,103937,2026-01-28,09:30:52,f,3.3
5000000637,211784,2026-01-28,09:30:59,f,0.9
5000000638,120305,2026-01-28,09:31:08,f,0
5000000639,120616,2026-01-28,09:31:13,f,28.6
5000000640,104039,2026-01-28,09:31:22,f,0.27
5000000641,47838,2026-01-28,09:31:27,f,3.1
5000000642,120615,2026-01-28,09:31:35,t,65.3
5000000643,120584,2026-01-28,09:31:40,f,32.6
5000000644,120492,2026-01-28,09:31:52,t,65.0
5000000645,120497,2026-01-28,09:32:03,f,0
5000000646,104041,2026-01-28,09:32:13,f,0.43
5000000647,8809,2026-01-28,09:32:22,f,9.5
5000000648,120368,2026-01-28,09:32:32,f,28.1
5000000649,8810,2026-01-28,09:32:39,f,0.12
5000000650,277984,2026-01-28,09:32:44,f,4.8
5000000651,120492,2026-01-28,09:32:55,t,69.9
5000000652,120493,2026-01-28,09:33:02,f,0
5000000653,104058,2026-01-28,09:33:12,t,20.8
5000000654,103938,2026-01-28,09:33:22,f,2.8
5000000655,120676,2026-01-28,09:33:30,t,1
5000000656,104061,2026-01-28,09:33:42,f,9.8
5000000657,8808,2026-01-28,09:33:48,f,0.11
5000000658,120578,2026-01-28,09:34:00,f,0
5000000659,104044,2026-01-28,09:34:08,f,0.35
5000000660,120504,2026-01-28,09:34:18,f,40.5
5000000661,120674,2026-01-28,09:34:25,f,0
5000000662,8810,2026-01-28,09:34:35,f,0.45
5000000663,103938,2026-01-28,09:34:46,f,1.5
5000000664,120577,2026-01-28,09:34:53,f,35.3
5000000665,120615,2026-01-28,09:35:05,f,44.8
5000000666,104035,2026-01-28,09:35:15,f,0.39
5000000667,104036,2026-01-28,09:35:26,f,0.15
5000000668,120361,2026-01-28,09:35:33,f,0
5000000669,104045,2026-01-28,09:35:44,t,2.45
5000000670,120577,2026-01-28,09:35:49,f,52.2
5000000671,120615,2026-01-28,09:35:57,f,52.8
5000000672,104037,2026-01-28,09:36:04,f,0.12
5000000673,120493,2026-01-28,09:36:14,f,0
5000000674,120571,2026-01-28,09:36:20,f,42.4
5000000675,103937,2026-01-28,09:36:30,f,1.0
5000000676,104037,2026-01-28,09:36:36,f,0.06
5000000677,8809,2026-01-28,09:36:41,f,14.4
5000000678,120675,2026-01-28,09:36:48,f,0
5000000679,120492,2026-01-28,09:36:59,f,23.5
5000000680,104044,2026-01-28,09:37:11,f,0.32
5000000681,120493,2026-01-28,09:37:19,f,0
5000000682,104036,2026-01-28,09:37:24,f,0.13
5000000683,120297,2026-01-28,09:37:30,f,0
5000000684,120493,2026-01-28,09:37:41,f,0
5000000685,120492,2026-01-28,09:37:47,f,41.5
5000000686,120361,2026-01-28,09:37:59,f,0
5000000687,104062,2026-01-28,09:38:06,t,24.6
5000000688,104037,2026-01-28,09:38:12,f,0.10
5000000689,104057,2026-01-28,09:38:21,f,2.3
5000000690,103938,2026-01-28,09:38:32,f,2.4
5000000691,104037,2026-01-28,09:38:37,f,0.05
5000000692,104035,2026-01-28,09:38:49,f,0.11
5000000693,120298,2026-01-28,09:38:58,f,24.0
5000000694,120582,2026-01-28,09:39:09,f,43.1
5000000695,120615,2026-01-28,09:39:15,f,26.5
5000000696,104037,2026-01-28,09:39:26,f,0.03
5000000697,103937,2026-01-28,09:39:38,f,4.1
5000000698,277862,2026-01-28,09:39:43,f,3.3
5000000699,120615,2026-01-28,09:39:49,f,39.0
5000000700,104061,2026-01-28,09:39:57,f,7.9
5000000701,103910,2026-01-28,09:40:08,f,4.6
5000000702,120582,2026-01-28,09:40:16,f,33.8
5000000703,120499,2026-01-28,09:40:21,f,0
5000000704,8810,2026-01-28,09:40:28,t,0.72
5000000705,104035,2026-01-28,09:40:35,f,0.07
5000000706,266839,2026-01-28,09:40:46,t,80.5
5000000707,120571,2026-01-28,09:40:53,f,31.2
5000000708,8810,2026-01-28,09:40:59,f,0.20
5000000709,8812,2026-01-28,09:41:09,f,4.5
5000000710,120368,2026-01-28,09:41:14,f,40.6
5000000711,120298,2026-01-28,09:41:25,f,25.2
5000000712,104046,2026-01-28,09:41:31,f,0.38
5000000713,120571,2026-01-28,09:41:40,f,32.0
5000000714,104036,2026-01-28,09:41:51,f,0.24
5000000715,120504,2026-01-28,09:42:03,f,34.1
5000000716,120504,2026-01-28,09:42:14,f,50.8
5000000717,8809,2026-01-28,09:42:22,f,18.0
5000000718,8808,2026-01-28,09:42:32,f,0.38
5000000719,8812,2026-01-28,09:42:41,f,4.2
5000000720,120571,2026-01-28,09:42:47,f,30.5
5000000721,104058,2026-01-28,09:42:59,f,8.4
5000000722,120583,2026-01-28,09:43:05,f,0
5000000723,104043,2026-01-28,09:43:16,f,0.25
5000000724,120676,2026-01-28,09:43:26,f,0
5000000725,8810,2026-01-28,09:43:33,f,0.25
5000000726,120368,2026-01-28,09:43:40,f,50.8
5000000727,120577,2026-01-28,09:43:45,f,49.2
5000000728,104035,2026-01-28,09:43:50,f,0.03
5000000729,104043,2026-01-28,09:44:00,f,0.18
5000000730,120499,2026-01-28,09:44:12,f,0
5000000731,120615,2026-01-28,09:44:18,f,33.0
5000000732,104034,2026-01-28,09:44:30,t,1.72
5000000733,120492,2026-01-28,09:44:40,f,51.3
5000000734,120580,2026-01-28,09:44:46,f,21.7
5000000735,104045,2026-01-28,09:44:54,f,0.12
5000000736,104057,2026-01-28,09:45:02,f,10.3
5000000737,120305,2026-01-28,09:45:07,f,0
5000000738,104041,2026-01-28,09:45:14,f,0.12
5000000739,104057,2026-01-28,09:45:23,f,7.7
5000000740,104039,2026-01-28,09:45:33,f,0.23
5000000741,103938,2026-01-28,09:45:44,f,2.5
5000000742,103910,2026-01-28,09:45:54,f,3.0
5000000743,266839,2026-01-28,09:46:03,f,1.6
5000000744,120311,2026-01-28,09:46:12,f,0
5000000745,120497,2026-01-28,09:46:21,f,0
5000000746,120494,2026-01-28,09:46:30,f,46.8
5000000747,120674,2026-01-28,09:46:35,f,0
5000000748,104058,2026-01-28,09:46:46,f,14.2
5000000749,120580,2026-01-28,09:46:58,f,34.6
5000000750,104043,2026-01-28,09:47:09,f,0.34
5000000751,120492,2026-01-28,09:47:17,f,27.8
5000000752,120675,2026-01-28,09:47:29,t,1
5000000753,120495,2026-01-28,09:47:39,f,25.9
5000000754,120497,2026-01-28,09:47:46,f,0
5000000755,8812,2026-01-28,09:47:53,f,2.7
5000000756,120615,2026-01-28,09:48:00,t,66.5
5000000757,211784,2026-01-28,09:48:08,f,4.3
5000000758,120674,2026-01-28,09:48:19,f,0
5000000759,104036,2026-01-28,09:48:29,f,0.23
5000000760,120582,2026-01-28,09:48:35,f,42.2
5000000761,103937,2026-01-28,09:48:41,t,20.0
5000000762,120495,2026-01-28,09:48:52,f,21.9
5000000763,104034,2026-01-28,09:48:59,t,1.52
5000000764,104034,2026-01-28,09:49:11,f,0.35
5000000765,103937,2026-01-28,09:49:17,f,4.8
5000000766,104042,2026-01-28,09:49:27,f,0.22
5000000767,277862,2026-01-28,09:49:35,f,0.8
5000000768,120577,2026-01-28,09:49:41,f,42.2
5000000769,104038,2026-01-28,09:49:52,t,1.58
5000000770,120499,2026-01-28,09:49:57,f,0
5000000771,120578,2026-01-28,09:50:07,f,0
5000000772,8808,2026-01-28,09:50:15,f,0.30
5000000773,104035,2026-01-28,09:50:23,f,0.17
5000000774,8810,2026-01-28,09:50:30,f,0.29
5000000775,47838,2026-01-28,09:50:37,f,6.2
5000000776,104060,2026-01-28,09:50:46,f,11.8
5000000777,120367,2026-01-28,09:50:56,f,0
5000000778,104037,2026-01-28,09:51:03,t,1.74
5000000779,277862,2026-01-28,09:51:11,t,28.4
5000000780,8809,2026-01-28,09:51:22,f,14.3
5000000781,120494,2026-01-28,09:51:29,f,40.6
5000000782,8810,2026-01-28,09:51:36,f,0.32
5000000783,103940,2026-01-28,09:51:41,f,1.3
5000000784,120616,2026-01-28,09:51:46,t,86.6
5000000785,8808,2026-01-28,09:51:51,f,0.21
5000000786,120298,2026-01-28,09:52:02,f,36.6
5000000787,104056,2026-01-28,09:52:09,f,12.5
5000000788,120367,2026-01-28,09:52:18,f,0
5000000789,120365,2026-01-28,09:52:27,f,0
5000000790,120367,2026-01-28,09:52:34,f,0
5000000791,120495,2026-01-28,09:52:40,f,24.1
5000000792,120674,2026-01-28,09:52:46,f,0
5000000793,104062,2026-01-28,09:52:54,f,5.5
5000000794,120492,2026-01-28,09:53:02,f,30.3
5000000795,104040,2026-01-28,09:53:07,f,0.11
5000000796,211784,2026-01-28,09:53:19,f,0.1
5000000797,104046,2026-01-28,09:53:25,f,0.28
5000000798,120577,2026-01-28,09:53:37,t,67.8
5000000799,266839,2026-01-28,09:53:43,t,22.9
5000000800,120497,2026-01-28,09:53:55,f,0
5000000801,120298,2026-01-28,09:54:00,f,50.6
5000000802,120492,2026-01-28,09:54:09,f,30.9
5000000803,8810,2026-01-28,09:54:15,f,0.43
5000000804,120676,2026-01-28,09:54:20,f,0
5000000805,104037,2026-01-28,09:54:27,f,0.22
5000000806,266839,2026-01-28,09:54:36,f,1.7
5000000807,120367,2026-01-28,09:54:42,f,0
5000000808,120497,2026-01-28,09:54:54,f,0
5000000809,120674,2026-01-28,09:55:06,f,0
5000000810,120298,2026-01-28,09:55:13,f,45.4
5000000811,120298,2026-01-28,09:55:20,f,40.7
5000000812,120493,2026-01-28,09:55:32,f,0
5000000813,120616,2026-01-28,09:55:42,f,44.0
5000000814,120305,2026-01-28,09:55:49,f,0
5000000815,120501,2026-01-28,09:55:55,f,21.6
5000000816,104042,2026-01-28,09:56:04,f,0.34
5000000817,120615,2026-01-28,09:56:12,f,38.2
5000000818,120367,2026-01-28,09:56:18,f,0
5000000819,104039,2026-01-28,09:56:26,f,0.33
5000000820,120577,2026-01-28,09:56:37,f,39.5
5000000821,8809,2026-01-28,09:56:42,f,3.5
5000000822,103937,2026-01-28,09:56:54,f,0.4
5000000823,211784,2026-01-28,09:57:06,f,4.8
5000000824,120499,2026-01-28,09:57:11,f,0
5000000825,104059,2026-01-28,09:57:22,f,2.0
5000000826,104062,2026-01-28,09:57:34,f,16.8
5000000827,104037,2026-01-28,09:57:46,f,0.24
5000000828,120298,2026-01-28,09:57:51,f,21.3
5000000829,120676,2026-01-28,09:57:56,f,0
5000000830,120501,2026-01-28,09:58:05,f,27.2
5000000831,120309,2026-01-28,09:58:17,f,0
5000000832,120676,2026-01-28,09:58:22,f,0
5000000833,120492,2026-01-28,09:58:34,f,41.7
5000000834,104043,2026-01-28,09:58:46,f,0.35
5000000835,8810,2026-01-28,09:58:52,f,0.11
5000000836,104037,2026-01-28,09:59:02,f,0.46
5000000837,120495,2026-01-28,09:59:11,f,44.6
5000000838,104046,2026-01-28,09:59:16,f,0.08
5000000839,266839,2026-01-28,09:59:27,f,1.0
5000000840,103940,2026-01-28,09:59:33,f,4.0
5000000841,104043,2026-01-28,09:59:41,f,0.37
5000000842,120675,2026-01-28,09:59:46,f,0
5000000843,120674,2026-01-28,09:59:52,f,0
5000000844,103938,2026-01-28,10:00:04,t,12.7
5000000845,120504,2026-01-28,10:00:16,f,21.7
5000000846,103938,2026-01-28,10:00:27,f,2.5
5000000847,120572,2026-01-28,10:00:34,f,45.6
5000000848,120298,2026-01-28,10:00:41,f,41.0
5000000849,104061,2026-01-28,10:00:51,t,32.4
5000000850,120580,2026-01-28,10:00:59,f,32.0
5000000851,120305,2026-01-28,10:01:08,f,0
5000000852,120584,2026-01-28,10:01:15,f,51.0
5000000853,104061,2026-01-28,10:01:24,f,14.0
5000000854,120583,2026-01-28,10:01:32,f,0
5000000855,104058,2026-01-28,10:01:41,t,23.9
5000000856,104040,2026-01-28,10:01:48,f,0.31
5000000857,211784,2026-01-28,10:01:54,f,2.9
5000000858,120615,2026-01-28,10:02:05,f,49.4
5000000859,103940,2026-01-28,10:02:14,f,2.6
5000000860,103940,2026-01-28,10:02:19,f,3.3
5000000861,120580,2026-01-28,10:02:27,f,25.6
5000000862,104042,2026-01-28,10:02:36,f,0.40
5000000863,104056,2026-01-28,10:02:45,f,1.1
5000000864,120298,2026-01-28,10:02:57,f,43.6
5000000865,120572,2026-01-28,10:03:05,f,33.6
5000000866,104043,2026-01-28,10:03:14,f,0.45
5000000867,104038,2026-01-28,10:03:25,t,0.98
5000000868,104061,2026-01-28,10:03:35,f,14.6
5000000869,103938,2026-01-28,10:03:43,f,4.2
5000000870,104056,2026-01-28,10:03:55,t,40.8
5000000871,120674,2026-01-28,10:04:05,f,0
5000000872,120674,2026-01-28,10:04:13,f,0
5000000873,120497,2026-01-28,10:04:21,f,0
5000000874,104034,2026-01-28,10:04:27,t,2.11
5000000875,104038,2026-01-28,10:04:33,f,0.14
5000000876,120577,2026-01-28,10:04:42,f,49.6
5000000877,120492,2026-01-28,10:04:47,f,52.8
5000000878,120493,2026-01-28,10:04:52,f,0
5000000879,104062,2026-01-28,10:04:57,f,6.2
5000000880,120298,2026-01-28,10:05:07,f,31.1
5000000881,104034,2026-01-28,10:05:15,f,0.38
5000000882,120584,2026-01-28,10:05:22,f,34.1
5000000883,120494,2026-01-28,10:05:32,t,66.6
5000000884,120492,2026-01-28,10:05:42,f,53.3
5000000885,104061,2026-01-28,10:05:54,f,19.1
5000000886,47838,2026-01-28,10:05:59,f,9.0
5000000887,266705,2026-01-28,10:06:07,f,1.6
5000000888,104038,2026-01-28,10:06:13,f,0.35
5000000889,120675,2026-01-28,10:06:18,f,0
5000000890,120495,2026-01-28,10:06:28,f,35.6
5000000891,8812,2026-01-28,10:06:33,t,13.9
5000000892,8810,2026-01-28,10:06:39,f,0.46
5000000893,120311,2026-01-28,10:06:44,f,0
5000000894,120571,2026-01-28,10:06:52,f,49.2
5000000895,104040,2026-01-28,10:07:00,f,0.42
5000000896,120615,2026-01-28,10:07:11,f,22.5
5000000897,120504,2026-01-28,10:07:18,f,31.6
5000000898,120297,2026-01-28,10:07:24,f,0
5000000899,104061,2026-01-28,10:07:33,f,16.1
5000000900,120584,2026-01-28,10:07:42,f,42.1
5000000901,104037,2026-01-28,10:07:53,f,0.33
5000000902,104062,2026-01-28,10:07:58,f,14.7
5000000903,47838,2026-01-28,10:08:03,f,10.1
5000000904,104044,2026-01-28,10:08:12,f,0.30
5000000905,104060,2026-01-28,10:08:21,f,16.1
5000000906,120305,2026-01-28,10:08:26,f,0
5000000907,120577,2026-01-28,10:08:34,f,47.9
5000000908,277862,2026-01-28,10:08:43,f,4.3
5000000909,120578,2026-01-28,10:08:53,f,0
5000000910,120297,2026-01-28,10:09:00,f,0
5000000911,104040,2026-01-28,10:09:11,f,0.05
5000000912,120361,2026-01-28,10:09:19,f,0
5000000913,120583,2026-01-28,10:09:29,f,0
5000000914,120493,2026-01-28,10:09:36,f,0
5000000915,104035,2026-01-28,10:09:45,f,0.33
5000000916,104061,2026-01-28,10:09:50,f,10.9
5000000917,120615,2026-01-28,10:09:59,f,23.4
5000000918,104037,2026-01-28,10:10:11,f,0.33
5000000919,120298,2026-01-28,10:10:19,f,22.4
5000000920,104037,2026-01-28,10:10:27,f,0.16
5000000921,104043,2026-01-28,10:10:36,f,0.28
5000000922,120368,2026-01-28,10:10:46,f,35.0
5000000923,104037,2026-01-28,10:10:51,f,0.11
5000000924,120580,2026-01-28,10:11:02,f,24.7
5000000925,104060,2026-01-28,10:11:12,f,7.3
5000000926,120305,2026-01-28,10:11:21,f,0
5000000927,120311,2026-01-28,10:11:28,f,0
5000000928,120571,2026-01-28,10:11:37,f,51.2
5000000929,120580,2026-01-28,10:11:45,f,41.9
5000000930,120675,2026-01-28,10:11:51,f,0
5000000931,104062,2026-01-28,10:11:56,f,15.1
5000000932,120501,2026-01-28,10:12:04,f,29.1
5000000933,104042,2026-01-28,10:12:16,f,0.18
5000000934,104062,2026-01-28,10:12:24,f,6.0
5000000935,104040,2026-01-28,10:12:36,f,0.20
5000000936,277984,2026-01-28,10:12:41,f,4.0
5000000937,103910,2026-01-28,10:12:48,f,0.8
5000000938,120572,2026-01-28,10:12:55,f,52.9
5000000939,104035,2026-01-28,10:13:00,f,0.12
5000000940,120309,2026-01-28,10:13:09,f,0
5000000941,104061,2026-01-28,10:13:17,t,30.7
5000000942,120501,2026-01-28,10:13:29,f,21.6
5000000943,47838,2026-01-28,10:13:39,f,10.4
5000000944,120676,2026-01-28,10:13:48,f,0
5000000945,104059,2026-01-28,10:13:55,f,7.4
5000000946,104040,2026-01-28,10:14:01,f,0.47
5000000947,104061,2026-01-28,10:14:09,f,16.0
5000000948,104039,2026-01-28,10:14:19,f,0.43
5000000949,120499,2026-01-28,10:14:24,f,0
5000000950,104055,2026-01-28,10:14:36,f,10.3
5000000951,120494,2026-01-28,10:14:45,f,25.5
5000000952,104042,2026-01-28,10:14:51,f,0.39
5000000953,104039,2026-01-28,10:14:57,f,0.24
5000000954,120311,2026-01-28,10:15:04,f,0
5000000955,104056,2026-01-28,10:15:09,f,11.4
5000000956,120493,2026-01-28,10:15:16,f,0
5000000957,120501,2026-01-28,10:15:21,f,22.0
5000000958,104046,2026-01-28,10:15:30,f,0.46
5000000959,120675,2026-01-28,10:15:35,f,0
5000000960,120298,2026-01-28,10:15:44,f,41.2
5000000961,104045,2026-01-28,10:15:56,f,0.11
5000000962,120365,2026-01-28,10:16:07,f,0
5000000963,120365,2026-01-28,10:16:14,f,0
5000000964,104055,2026-01-28,10:16:23,f,7.0
5000000965,120616,2026-01-28,10:16:35,f,28.0
5000000966,277862,2026-01-28,10:16:46,f,1.0
5000000967,104045,2026-01-28,10:16:57,f,0.06
5000000968,103938,2026-01-28,10:17:09,f,4.3
5000000969,120297,2026-01-28,10:17:15,f,0
5000000970,120501,2026-01-28,10:17:22,f,49.0
5000000971,120495,2026-01-28,10:17:33,f,50.6
5000000972,120494,2026-01-28,10:17:44,t,64.8
5000000973,104037,2026-01-28,10:17:55,f,0.36
5000000974,120584,2026-01-28,10:18:01,f,36.7
5000000975,104046,2026-01-28,10:18:09,f,0.14
5000000976,120580,2026-01-28,10:18:20,f,44.8
5000000977,103938,2026-01-28,10:18:25,f,2.5
5000000978,104042,2026-01-28,10:18:36,f,0.39
5000000979,104037,2026-01-28,10:18:47,f,0.21
5000000980,104036,2026-01-28,10:18:56,f,0.21
5000000981,104041,2026-01-28,10:19:06,f,0.33
5000000982,104038,2026-01-28,10:19:14,f,0.27
5000000983,211784,2026-01-28,10:19:21,f,2.4
5000000984,120616,2026-01-28,10:19:30,f,44.7
5000000985,104045,2026-01-28,10:19:37,f,0.07
5000000986,120582,2026-01-28,10:19:45,f,53.2
5000000987,120583,2026-01-28,10:19:51,f,0
5000000988,120368,2026-01-28,10:20:01,f,44.4
5000000989,120577,2026-01-28,10:20:06,f,42.3
5000000990,104045,2026-01-28,10:20:12,f,0.45
5000000991,120298,2026-01-28,10:20:23,f,27.8
5000000992,104041,2026-01-28,10:20:29,f,0.19
5000000993,104041,2026-01-28,10:20:40,f,0.14
5000000994,104055,2026-01-28,10:20:45,f,8.8
5000000995,104061,2026-01-28,10:20:53,f,1.1
5000000996,120616,2026-01-28,10:21:01,f,21.3
5000000997,104042,2026-01-28,10:21:09,f,0.08
5000000998,104044,2026-01-28,10:21:18,f,0.32
5000000999,120616,2026-01-28,10:21:29,f,20.5
